transaction_id,user_id,amount,timestamp,merchant,category,location
TXN_000455,USER_017,23.09,2025-11-10 07:35:00,Shell Gas,Other,"Lyon, FR"
TXN_000275,USER_008,11.6,2025-11-10 16:19:00,PayPal,Transport,"Marseille, FR"
TXN_000190,USER_018,18.67,2025-11-10 19:06:00,Spotify,Other,"Amsterdam, NL"
TXN_000432,USER_003,70.78,2025-11-11 11:07:00,Whole Foods,Other,"Lyon, FR"
TXN_000112,USER_045,274.66,2025-11-12 05:42:00,Whole Foods,Healthcare,"Rome, IT"
TXN_000465,USER_040,17.8,2025-11-12 07:03:00,Shell Gas,Food,"Lyon, FR"
TXN_000280,USER_026,6.88,2025-11-12 12:08:00,McDonalds,Other,"Rome, IT"
TXN_000406,USER_031,218.02,2025-11-12 14:11:00,Apple Store,Food,"Madrid, ES"
TXN_000031,USER_032,25.83,2025-11-12 15:55:00,Google Play,Utilities,"New York, US"
TXN_000380,USER_041,28.32,2025-11-13 06:19:00,Hertz,Utilities,"London, UK"
TXN_000378,USER_003,34.33,2025-11-13 06:53:00,Walmart,Other,"London, UK"
TXN_000240,USER_043,2.45,2025-11-13 15:56:00,Amazon,Travel,"New York, US"
TXN_000003,USER_028,46.29,2025-11-14 02:49:00,Target,Entertainment,"New York, US"
TXN_000466,USER_039,16.14,2025-11-14 06:16:00,CVS,Shopping,"New York, US"
TXN_000196,USER_032,32.93,2025-11-14 09:56:00,Delta Airlines,Other,"Berlin, DE"
TXN_000430,USER_035,69.57,2025-11-14 14:46:00,McDonalds,Healthcare,"Marseille, FR"
TXN_000401,USER_033,4.69,2025-11-14 22:50:00,Walmart,Transport,"Berlin, DE"
TXN_000341,USER_013,281.07,2025-11-14 23:08:00,Spotify,Fuel,"Madrid, ES"
TXN_000086,USER_017,138.22,2025-11-15 08:33:00,PayPal,Shopping,"Brussels, BE"
TXN_000338,USER_009,90.26,2025-11-15 09:10:00,Hertz,Travel,"Marseille, FR"
TXN_000467,USER_048,18.26,2025-11-15 16:13:00,Airbnb,Entertainment,"Brussels, BE"
TXN_000048,USER_007,19.84,2025-11-16 06:29:00,Hertz,Shopping,"Lyon, FR"
TXN_000318,USER_017,2.28,2025-11-16 08:29:00,Hotels.com,Travel,"Brussels, BE"
TXN_000268,USER_006,36.43,2025-11-16 09:57:00,McDonalds,Other,"Paris, FR"
TXN_000214,USER_044,194.8,2025-11-16 10:46:00,CVS,Subscription,"London, UK"
TXN_000409,USER_047,21.81,2025-11-16 11:25:00,Hotels.com,Transport,"Brussels, BE"
TXN_000069,USER_017,13.06,2025-11-16 13:53:00,PayPal,Utilities,"Paris, FR"
TXN_000343,USER_023,44.71,2025-11-16 15:43:00,Apple Store,Utilities,"Lyon, FR"
TXN_000017,USER_050,9.72,2025-11-17 15:02:00,Walmart,Travel,"Madrid, ES"
TXN_000291,USER_038,13.89,2025-11-17 16:10:00,Delta Airlines,Food,"London, UK"
TXN_000111,USER_027,70.53,2025-11-17 18:01:00,PayPal,Healthcare,"Amsterdam, NL"
TXN_000468,USER_014,27.07,2025-11-17 18:56:00,Delta Airlines,Utilities,"New York, US"
TXN_000449,USER_008,143.71,2025-11-17 21:41:00,Hertz,Fuel,"New York, US"
TXN_000367,USER_006,723.36,2025-11-18 01:07:00,Steam,Subscription,"Brussels, BE"
TXN_000018,USER_018,1864.811841289323,2025-11-18 03:01:00,Whole Foods,Travel,"Moscow, RU"
TXN_000056,USER_012,50.13,2025-11-18 07:26:00,Target,Entertainment,"Madrid, ES"
TXN_000290,USER_029,29.91,2025-11-18 17:18:00,Airbnb,Utilities,"London, UK"
TXN_000361,USER_009,12.69,2025-11-19 06:16:00,McDonalds,Subscription,"Lyon, FR"
TXN_000356,USER_029,27.69,2025-11-19 06:24:00,Starbucks,Fuel,"Berlin, DE"
TXN_000062,USER_007,4.45,2025-11-19 08:22:00,Shell Gas,Fuel,"London, UK"
TXN_000072,USER_008,176.05,2025-11-19 12:44:00,Starbucks,Fuel,"Paris, FR"
TXN_000039,USER_001,199.24,2025-11-19 16:33:00,Walmart,Entertainment,"Lyon, FR"
TXN_000061,USER_049,32.39,2025-11-19 18:48:00,Airbnb,Other,"Amsterdam, NL"
TXN_000167,USER_010,3.88,2025-11-19 20:51:00,McDonalds,Utilities,"Amsterdam, NL"
TXN_000058,USER_040,27.13,2025-11-20 08:14:00,Whole Foods,Other,"Brussels, BE"
TXN_000297,USER_022,19.1,2025-11-20 11:20:00,McDonalds,Shopping,"New York, US"
TXN_000269,USER_044,12.52,2025-11-20 12:05:00,Airbnb,Healthcare,"Rome, IT"
TXN_000206,USER_012,308.57,2025-11-20 14:27:00,Steam,Other,"New York, US"
TXN_000305,USER_046,13.9,2025-11-20 16:07:00,Hertz,Healthcare,"Berlin, DE"
TXN_000346,USER_018,37.34,2025-11-20 18:34:00,PayPal,Food,"Madrid, ES"
TXN_000479,USER_024,4.06,2025-11-21 04:22:00,Shell Gas,Shopping,"London, UK"
TXN_000254,USER_005,16.93,2025-11-21 04:41:00,Target,Food,"Madrid, ES"
TXN_000185,USER_027,69.17,2025-11-21 05:02:00,BestBuy,Subscription,"Lyon, FR"
TXN_000321,USER_028,96.63,2025-11-21 09:46:00,Uber,Subscription,"Berlin, DE"
TXN_000143,USER_002,13.78,2025-11-21 10:06:00,Uber,Healthcare,"New York, US"
TXN_000438,USER_021,30.07,2025-11-21 17:13:00,BestBuy,Transport,"Marseille, FR"
TXN_000202,USER_048,107.79,2025-11-21 21:15:00,BestBuy,Food,"Rome, IT"
TXN_000387,USER_010,4.46,2025-11-21 22:51:00,Spotify,Healthcare,"Amsterdam, NL"
TXN_000043,USER_007,6.03,2025-11-22 01:30:00,PayPal,Travel,"Madrid, ES"
TXN_000008,USER_025,103.59,2025-11-22 07:10:00,Google Play,Other,"London, UK"
TXN_000324,USER_021,65.54,2025-11-22 08:41:00,Apple Store,Transport,"Marseille, FR"
TXN_000426,USER_004,101.03,2025-11-22 13:14:00,Apple Store,Subscription,"Lyon, FR"
TXN_000228,USER_008,62.97,2025-11-22 14:03:00,Hertz,Transport,"Madrid, ES"
TXN_000002,USER_009,48.55,2025-11-23 06:31:00,Hertz,Food,"Amsterdam, NL"
TXN_000394,USER_001,17.22,2025-11-23 19:15:00,Starbucks,Utilities,"Berlin, DE"
TXN_000001,USER_041,8.72,2025-11-24 08:49:00,Netflix,Entertainment,"New York, US"
TXN_000125,USER_043,3.87,2025-11-24 10:24:00,Shell Gas,Subscription,"London, UK"
TXN_000451,USER_029,99.86,2025-11-24 11:31:00,Shell Gas,Other,"Rome, IT"
TXN_000166,USER_028,14.12,2025-11-24 16:22:00,Uber,Transport,"London, UK"
TXN_000089,USER_043,43.45,2025-11-25 06:34:00,Spotify,Fuel,"London, UK"
TXN_000234,USER_013,40.42,2025-11-25 09:42:00,Airbnb,Food,"New York, US"
TXN_000157,USER_016,75.51,2025-11-25 10:23:00,PayPal,Other,"Amsterdam, NL"
TXN_000483,USER_048,0.51,2025-11-25 15:35:00,Hotels.com,Entertainment,"Amsterdam, NL"
TXN_000223,USER_035,204.28,2025-11-25 16:17:00,Google Play,Utilities,"Amsterdam, NL"
TXN_000037,USER_029,9.53,2025-11-25 17:03:00,Uber,Food,"Berlin, DE"
TXN_000060,USER_026,2878.728323160318,2025-11-26 02:30:00,Spotify,Subscription,"Moscow, RU"
TXN_000236,USER_016,94.95,2025-11-26 06:38:00,Whole Foods,Entertainment,"Lyon, FR"
TXN_000371,USER_050,8.06,2025-11-26 09:15:00,Delta Airlines,Shopping,"Lyon, FR"
TXN_000370,USER_023,1.36,2025-11-26 10:44:00,Hertz,Other,"Marseille, FR"
TXN_000239,USER_010,42.1,2025-11-26 18:22:00,Netflix,Transport,"Lyon, FR"
TXN_000461,USER_034,529.36,2025-11-26 19:34:00,Uber,Shopping,"Paris, FR"
TXN_000022,USER_015,138.71,2025-11-27 06:20:00,Hotels.com,Food,"Paris, FR"
TXN_FRAUD_82_0,USER_044,206.92989467065433,2025-11-27 08:48:00,Hertz,Transport,"Madrid, ES"
TXN_000427,USER_044,6.8,2025-11-27 08:48:00,Hertz,Transport,"Madrid, ES"
TXN_FRAUD_82_1,USER_044,258.7585689992286,2025-11-27 08:53:00,Hertz,Transport,"Madrid, ES"
TXN_FRAUD_82_2,USER_044,249.22063338547287,2025-11-27 08:58:00,Hertz,Transport,"Madrid, ES"
TXN_000414,USER_046,4.04,2025-11-27 11:21:00,Shell Gas,Fuel,"Berlin, DE"
TXN_000274,USER_014,98.76,2025-11-27 14:36:00,Netflix,Utilities,"Berlin, DE"
TXN_000458,USER_050,7.78,2025-11-27 15:37:00,PayPal,Travel,"Madrid, ES"
TXN_000227,USER_008,6.41,2025-11-27 18:50:00,Walmart,Utilities,"Rome, IT"
TXN_000265,USER_005,91.99,2025-11-28 01:35:00,Amazon,Food,"Brussels, BE"
TXN_000421,USER_023,41.09,2025-11-28 05:06:00,Walmart,Utilities,"Lyon, FR"
TXN_000476,USER_046,66.72,2025-11-28 05:39:00,Airbnb,Shopping,"Brussels, BE"
TXN_000400,USER_049,37.37,2025-11-28 07:00:00,CVS,Fuel,"Madrid, ES"
TXN_000238,USER_022,187.39,2025-11-28 10:38:00,CVS,Shopping,"London, UK"
TXN_000198,USER_047,83.52,2025-11-28 13:14:00,Starbucks,Food,"Rome, IT"
TXN_000309,USER_009,59.48,2025-11-29 02:52:00,Spotify,Food,"Brussels, BE"
TXN_000186,USER_042,168.93,2025-11-29 05:19:00,Spotify,Fuel,"London, UK"
TXN_000372,USER_034,42.29,2025-11-29 06:07:00,McDonalds,Transport,"Berlin, DE"
TXN_000259,USER_014,91.98,2025-11-29 14:30:00,Hotels.com,Entertainment,"Lyon, FR"
TXN_000156,USER_010,153.95,2025-11-29 14:39:00,Whole Foods,Utilities,"Lyon, FR"
TXN_000230,USER_048,23.0,2025-11-29 14:44:00,PayPal,Food,"Rome, IT"
TXN_000490,USER_019,78.1,2025-11-29 17:00:00,Apple Store,Entertainment,"Madrid, ES"
TXN_000109,USER_009,10.9,2025-11-29 17:02:00,Steam,Transport,"New York, US"
TXN_000327,USER_014,18.45,2025-11-29 18:23:00,CVS,Fuel,"Madrid, ES"
TXN_000023,USER_008,43.05,2025-11-29 19:28:00,McDonalds,Healthcare,"Amsterdam, NL"
TXN_000320,USER_049,2213.25043146791,2025-11-30 01:05:00,Airbnb,Fuel,"Moscow, RU"
TXN_000127,USER_050,11.34,2025-11-30 01:07:00,BestBuy,Other,"Paris, FR"
TXN_000184,USER_046,86.88,2025-11-30 05:07:00,Hertz,Shopping,"Brussels, BE"
TXN_000006,USER_049,17.63,2025-11-30 06:32:00,PayPal,Travel,"London, UK"
TXN_000317,USER_027,14.71,2025-11-30 10:40:00,Shell Gas,Other,"Marseille, FR"
TXN_000064,USER_019,19.7,2025-11-30 11:16:00,Hertz,Utilities,"Amsterdam, NL"
TXN_000105,USER_029,28.53,2025-11-30 14:35:00,Hotels.com,Subscription,"London, UK"
TXN_000435,USER_022,56.6,2025-11-30 15:34:00,Airbnb,Utilities,"Marseille, FR"
TXN_000027,USER_028,6.58,2025-11-30 17:17:00,Amazon,Utilities,"Brussels, BE"
TXN_000015,USER_041,16.11,2025-12-01 03:22:00,Uber,Transport,"Rome, IT"
TXN_000376,USER_042,30.46,2025-12-01 06:25:00,Whole Foods,Transport,"Marseille, FR"
TXN_000095,USER_048,83.43,2025-12-01 08:30:00,Target,Utilities,"Brussels, BE"
TXN_000220,USER_018,46.27,2025-12-01 10:04:00,Hotels.com,Utilities,"Berlin, DE"
TXN_000174,USER_049,92.27,2025-12-01 23:18:00,Delta Airlines,Subscription,"London, UK"
TXN_000472,USER_048,21.08,2025-12-02 07:28:00,PayPal,Fuel,"Rome, IT"
TXN_000028,USER_049,11.51,2025-12-02 12:20:00,BestBuy,Utilities,"Brussels, BE"
TXN_000101,USER_015,881.22,2025-12-02 16:39:00,Delta Airlines,Subscription,"Paris, FR"
TXN_000312,USER_011,67.09,2025-12-03 06:41:00,CVS,Transport,"Rome, IT"
TXN_000358,USER_002,27.42,2025-12-03 09:19:00,Delta Airlines,Healthcare,"Brussels, BE"
TXN_000345,USER_022,41.29,2025-12-03 10:19:00,Hotels.com,Travel,"Brussels, BE"
TXN_000347,USER_039,696.75,2025-12-03 10:22:00,Spotify,Travel,"Lyon, FR"
TXN_000119,USER_030,185.83,2025-12-03 10:51:00,Netflix,Healthcare,"Berlin, DE"
TXN_000154,USER_022,35.63,2025-12-03 12:51:00,Netflix,Subscription,"Lyon, FR"
TXN_000263,USER_002,15.61,2025-12-03 13:05:00,Spotify,Travel,"Berlin, DE"
TXN_000264,USER_001,2.39,2025-12-03 15:43:00,Starbucks,Other,"Madrid, ES"
TXN_000091,USER_009,40.85,2025-12-04 05:14:00,Steam,Transport,"Amsterdam, NL"
TXN_000315,USER_031,23.94,2025-12-04 08:11:00,Whole Foods,Subscription,"Rome, IT"
TXN_000147,USER_008,7.0,2025-12-04 11:08:00,BestBuy,Fuel,"Marseille, FR"
TXN_000464,USER_018,231.67,2025-12-04 11:47:00,BestBuy,Shopping,"Madrid, ES"
TXN_000141,USER_034,52.08,2025-12-04 13:53:00,Uber,Healthcare,"Rome, IT"
TXN_000029,USER_039,66.59,2025-12-05 04:57:00,Google Play,Transport,"Brussels, BE"
TXN_000374,USER_017,62.38,2025-12-05 07:28:00,Hertz,Utilities,"Marseille, FR"
TXN_000211,USER_020,3.34,2025-12-05 13:12:00,Hotels.com,Food,"New York, US"
TXN_000014,USER_023,17.84,2025-12-06 06:30:00,Netflix,Food,"Amsterdam, NL"
TXN_000379,USER_042,37.28,2025-12-06 07:37:00,Whole Foods,Healthcare,"Amsterdam, NL"
TXN_000484,USER_046,11.65,2025-12-06 13:13:00,Uber,Fuel,"Berlin, DE"
TXN_000093,USER_019,79.95,2025-12-06 14:15:00,Whole Foods,Other,"Lagos, NG"
TXN_000053,USER_019,24.34,2025-12-07 07:51:00,Whole Foods,Fuel,"Paris, FR"
TXN_000007,USER_010,1.44,2025-12-07 08:36:00,Apple Store,Food,"Lyon, FR"
TXN_000148,USER_013,29.19,2025-12-07 10:35:00,Hotels.com,Utilities,"Amsterdam, NL"
TXN_000161,USER_041,15.69,2025-12-07 17:04:00,Target,Transport,"New York, US"
TXN_000005,USER_027,16.49,2025-12-08 00:16:00,Whole Foods,Utilities,"Paris, FR"
TXN_000418,USER_020,5.35,2025-12-08 03:07:00,Spotify,Entertainment,"Rome, IT"
TXN_000244,USER_033,86.12,2025-12-08 07:27:00,Walmart,Fuel,"London, UK"
TXN_000158,USER_040,36.06,2025-12-08 09:37:00,Delta Airlines,Healthcare,"Rome, IT"
TXN_000373,USER_046,27.66,2025-12-08 17:10:00,Delta Airlines,Utilities,"Lyon, FR"
TXN_000150,USER_019,162.05,2025-12-09 02:11:00,McDonalds,Utilities,"Paris, FR"
TXN_000080,USER_020,27.3,2025-12-09 05:02:00,Amazon,Entertainment,"Madrid, ES"
TXN_000165,USER_044,64.21,2025-12-09 07:47:00,Netflix,Other,"New York, US"
TXN_000496,USER_041,53.54,2025-12-09 10:52:00,Starbucks,Shopping,"New York, US"
TXN_000012,USER_006,67.85,2025-12-09 11:43:00,BestBuy,Healthcare,"London, UK"
TXN_000215,USER_050,30.32,2025-12-09 18:26:00,Google Play,Entertainment,"New York, US"
TXN_000194,USER_025,217.9,2025-12-09 18:42:00,PayPal,Shopping,"Berlin, DE"
TXN_000463,USER_025,134.36,2025-12-09 21:03:00,Airbnb,Travel,"Marseille, FR"
TXN_000440,USER_025,60.42,2025-12-10 05:16:00,Netflix,Travel,"London, UK"
TXN_000032,USER_004,15.67,2025-12-10 05:44:00,Whole Foods,Food,"Lyon, FR"
TXN_000337,USER_023,40.64,2025-12-10 06:34:00,BestBuy,Other,"Berlin, DE"
TXN_000331,USER_037,155.15,2025-12-10 08:33:00,Starbucks,Utilities,"Madrid, ES"
TXN_000142,USER_036,240.24,2025-12-10 13:32:00,Hotels.com,Subscription,"Rome, IT"
TXN_000049,USER_049,60.45,2025-12-10 17:58:00,PayPal,Subscription,"Rome, IT"
TXN_000107,USER_041,19.24,2025-12-10 19:05:00,Airbnb,Food,"London, UK"
TXN_000075,USER_044,256.7,2025-12-11 02:30:00,BestBuy,Travel,"Brussels, BE"
TXN_000136,USER_021,4.47,2025-12-11 04:41:00,Target,Utilities,"Rome, IT"
TXN_000078,USER_043,7.63,2025-12-11 06:05:00,McDonalds,Food,"Madrid, ES"
TXN_000447,USER_049,77.95,2025-12-11 07:31:00,CVS,Food,"Brussels, BE"
TXN_000098,USER_003,39.45,2025-12-11 09:18:00,CVS,Food,"Lagos, NG"
TXN_000102,USER_036,37.06,2025-12-11 11:46:00,BestBuy,Subscription,"Marseille, FR"
TXN_000100,USER_026,24.84,2025-12-11 13:57:00,Amazon,Food,"Madrid, ES"
TXN_000020,USER_009,52.84,2025-12-11 14:35:00,Hertz,Fuel,"London, UK"
TXN_000381,USER_031,21.74,2025-12-11 14:39:00,Steam,Utilities,"Rome, IT"
TXN_000491,USER_037,111.08,2025-12-11 15:19:00,Hertz,Travel,"London, UK"
TXN_000388,USER_027,275.23,2025-12-11 17:43:00,McDonalds,Travel,"Amsterdam, NL"
TXN_000106,USER_049,80.51,2025-12-11 19:41:00,Netflix,Fuel,"Rome, IT"
TXN_000336,USER_024,46.39,2025-12-12 08:35:00,Amazon,Travel,"Lyon, FR"
TXN_000478,USER_016,121.55,2025-12-12 12:01:00,Apple Store,Food,"Rome, IT"
TXN_000208,USER_030,106.87,2025-12-12 13:30:00,Amazon,Subscription,"London, UK"
TXN_000216,USER_040,23.6,2025-12-12 16:31:00,Starbucks,Food,"Lagos, NG"
TXN_000286,USER_010,17.22,2025-12-12 18:00:00,McDonalds,Other,"Marseille, FR"
TXN_000066,USER_009,24.27,2025-12-13 06:55:00,BestBuy,Fuel,"Marseille, FR"
TXN_000059,USER_021,10.68,2025-12-13 11:01:00,Apple Store,Entertainment,"London, UK"
TXN_000486,USER_020,8.51,2025-12-13 12:11:00,Delta Airlines,Subscription,"Rome, IT"
TXN_000359,USER_008,9.77,2025-12-13 13:37:00,Netflix,Subscription,"New York, US"
TXN_000083,USER_008,170.15,2025-12-13 15:59:00,Whole Foods,Utilities,"Paris, FR"
TXN_000489,USER_002,53.88,2025-12-13 17:23:00,Whole Foods,Other,"Madrid, ES"
TXN_000016,USER_025,103.23,2025-12-14 05:47:00,Hertz,Entertainment,"Berlin, DE"
TXN_000026,USER_049,4.95,2025-12-14 07:37:00,Apple Store,Food,"London, UK"
TXN_000108,USER_016,84.14,2025-12-14 09:09:00,Apple Store,Fuel,"Lyon, FR"
TXN_000182,USER_014,4754.146533377034,2025-12-14 12:23:00,Starbucks,Utilities,"Rome, IT"
TXN_000115,USER_015,10.48,2025-12-14 15:15:00,Hotels.com,Shopping,"Madrid, ES"
TXN_000081,USER_022,21.58,2025-12-15 08:43:00,Target,Utilities,"Berlin, DE"
TXN_000189,USER_005,132.32,2025-12-15 15:37:00,PayPal,Travel,"Brussels, BE"
TXN_000067,USER_018,49.79,2025-12-16 05:26:00,Shell Gas,Travel,"New York, US"
TXN_000325,USER_003,61.02,2025-12-16 05:46:00,Hotels.com,Transport,"Rome, IT"
TXN_000433,USER_022,88.43,2025-12-16 07:17:00,Hertz,Fuel,"Rome, IT"
TXN_000328,USER_008,53.76,2025-12-16 08:03:00,Spotify,Food,"Paris, FR"
TXN_000500,USER_035,6.55,2025-12-16 11:49:00,Delta Airlines,Healthcare,"Marseille, FR"
TXN_000485,USER_050,162.17,2025-12-16 16:12:00,Airbnb,Fuel,"Berlin, DE"
TXN_000164,USER_015,66.52,2025-12-16 16:33:00,Spotify,Subscription,"Lyon, FR"
TXN_000316,USER_050,103.25,2025-12-16 16:37:00,Steam,Fuel,"Brussels, BE"
TXN_000360,USER_040,61.56,2025-12-16 19:32:00,Hotels.com,Entertainment,"Lyon, FR"
TXN_000218,USER_006,8.87,2025-12-17 09:08:00,PayPal,Transport,"New York, US"
TXN_000010,USER_036,13.59,2025-12-17 09:41:00,CVS,Travel,"Amsterdam, NL"
TXN_000204,USER_004,35.35,2025-12-17 11:10:00,Google Play,Healthcare,"Marseille, FR"
TXN_000363,USER_035,14.69,2025-12-17 11:45:00,Spotify,Transport,"Marseille, FR"
TXN_000152,USER_036,554.24,2025-12-17 17:32:00,Starbucks,Subscription,"Lyon, FR"
TXN_000210,USER_038,6.51,2025-12-18 08:28:00,PayPal,Utilities,"Rome, IT"
TXN_000375,USER_041,21.45,2025-12-18 14:27:00,Hertz,Food,"Brussels, BE"
TXN_000471,USER_027,50.02,2025-12-18 15:05:00,Walmart,Fuel,"Amsterdam, NL"
TXN_000092,USER_037,7.69,2025-12-18 15:13:00,Hertz,Shopping,"London, UK"
TXN_000470,USER_016,8.1,2025-12-18 16:44:00,Starbucks,Fuel,"New York, US"
TXN_000159,USER_029,18.47,2025-12-18 19:43:00,Whole Foods,Healthcare,"London, UK"
TXN_000074,USER_003,100.26,2025-12-19 06:11:00,Walmart,Travel,"New York, US"
TXN_000407,USER_038,27.39,2025-12-19 06:38:00,Amazon,Other,"Rome, IT"
TXN_000267,USER_024,10.31,2025-12-19 11:34:00,Apple Store,Other,"Amsterdam, NL"
TXN_000097,USER_044,11.69,2025-12-19 14:02:00,Shell Gas,Transport,"Paris, FR"
TXN_000036,USER_046,11.27,2025-12-19 14:13:00,Google Play,Subscription,"Brussels, BE"
TXN_000258,USER_039,34.83,2025-12-19 16:10:00,BestBuy,Other,"Brussels, BE"
TXN_000412,USER_029,12.7,2025-12-20 08:14:00,Starbucks,Healthcare,"New York, US"
TXN_000384,USER_021,44.85,2025-12-20 09:34:00,Google Play,Healthcare,"Marseille, FR"
TXN_000054,USER_048,21.3,2025-12-20 09:51:00,Walmart,Other,"Rome, IT"
TXN_000357,USER_026,86.95,2025-12-20 11:29:00,Netflix,Entertainment,"Lyon, FR"
TXN_000389,USER_047,7.46,2025-12-20 16:00:00,McDonalds,Subscription,"Brussels, BE"
TXN_000362,USER_044,27.18,2025-12-20 21:30:00,Google Play,Food,"Brussels, BE"
TXN_000348,USER_006,1723.3462286103759,2025-12-21 03:30:00,Spotify,Utilities,"Moscow, RU"
TXN_000193,USER_030,1860.7082914564303,2025-12-21 03:43:00,Shell Gas,Entertainment,"Beijing, CN"
TXN_000171,USER_028,33.6,2025-12-21 05:26:00,Netflix,Shopping,"Lyon, FR"
TXN_000179,USER_017,140.6,2025-12-21 07:55:00,Steam,Fuel,"Paris, FR"
TXN_000439,USER_031,6.13,2025-12-21 08:47:00,Uber,Shopping,"London, UK"
TXN_000241,USER_038,107.54,2025-12-21 08:49:00,McDonalds,Utilities,"Paris, FR"
TXN_000247,USER_006,28.57,2025-12-21 14:26:00,Starbucks,Food,"Marseille, FR"
TXN_000403,USER_009,18.86,2025-12-21 14:47:00,CVS,Travel,"Marseille, FR"
TXN_000482,USER_014,32.79,2025-12-22 07:07:00,Amazon,Entertainment,"New York, US"
TXN_000040,USER_003,49.69,2025-12-22 10:52:00,Delta Airlines,Entertainment,"London, UK"
TXN_000301,USER_005,27.71,2025-12-22 11:54:00,Hertz,Healthcare,"London, UK"
TXN_000070,USER_001,83.74,2025-12-22 15:37:00,Starbucks,Utilities,"Marseille, FR"
TXN_000283,USER_020,19.11,2025-12-23 05:02:00,Apple Store,Transport,"Lyon, FR"
TXN_000199,USER_017,5.84,2025-12-23 05:27:00,Steam,Food,"Berlin, DE"
TXN_000308,USER_014,36.87,2025-12-23 06:37:00,Hotels.com,Entertainment,"New York, US"
TXN_000300,USER_050,45.66,2025-12-23 11:31:00,CVS,Shopping,"Berlin, DE"
TXN_000132,USER_042,302.5,2025-12-23 13:48:00,PayPal,Subscription,"Lyon, FR"
TXN_000045,USER_026,17.44,2025-12-23 18:39:00,BestBuy,Entertainment,"New York, US"
TXN_000436,USER_001,25.64,2025-12-23 20:38:00,Spotify,Other,"New York, US"
TXN_000145,USER_034,24.91,2025-12-23 23:15:00,Hertz,Travel,"Berlin, DE"
TXN_000271,USER_008,9.27,2025-12-24 00:15:00,BestBuy,Utilities,"Amsterdam, NL"
TXN_000192,USER_031,169.38,2025-12-24 04:09:00,Hertz,Fuel,"Madrid, ES"
TXN_000285,USER_050,3499.575179338376,2025-12-24 06:10:00,Starbucks,Entertainment,"Lyon, FR"
TXN_000473,USER_004,560.51,2025-12-24 07:29:00,Steam,Fuel,"Berlin, DE"
TXN_000063,USER_009,37.44,2025-12-24 07:44:00,Target,Entertainment,"Berlin, DE"
TXN_000460,USER_042,12.3,2025-12-24 16:55:00,McDonalds,Fuel,"Madrid, ES"
TXN_000350,USER_003,16.46,2025-12-24 22:27:00,PayPal,Utilities,"Paris, FR"
TXN_000493,USER_047,21.23,2025-12-25 05:58:00,Starbucks,Fuel,"Rome, IT"
TXN_000139,USER_014,48.49,2025-12-25 06:39:00,Netflix,Travel,"London, UK"
TXN_000392,USER_038,6.08,2025-12-25 08:51:00,Walmart,Utilities,"Rome, IT"
TXN_000277,USER_043,19.52,2025-12-25 12:52:00,Steam,Shopping,"Madrid, ES"
TXN_000113,USER_001,117.79,2025-12-25 13:07:00,Steam,Healthcare,"Brussels, BE"
TXN_000243,USER_029,32.54,2025-12-26 06:20:00,Whole Foods,Food,"Rome, IT"
TXN_000299,USER_011,8.44,2025-12-26 07:11:00,Spotify,Healthcare,"Madrid, ES"
TXN_000307,USER_033,40.6,2025-12-26 07:49:00,Google Play,Utilities,"Marseille, FR"
TXN_000281,USER_045,34.23,2025-12-26 07:53:00,PayPal,Food,"New York, US"
TXN_000133,USER_028,33.72,2025-12-26 15:28:00,Airbnb,Transport,"Madrid, ES"
TXN_000181,USER_034,14.31,2025-12-26 16:27:00,Hotels.com,Subscription,"Paris, FR"
TXN_000222,USER_036,30.98,2025-12-26 16:53:00,Steam,Shopping,"London, UK"
TXN_000399,USER_026,7.06,2025-12-27 05:38:00,Apple Store,Fuel,"Berlin, DE"
TXN_000255,USER_007,5.92,2025-12-27 05:39:00,Starbucks,Fuel,"Paris, FR"
TXN_000126,USER_050,50.84,2025-12-27 12:58:00,CVS,Other,"Lyon, FR"
TXN_000229,USER_030,12.26,2025-12-27 13:30:00,Hertz,Healthcare,"Amsterdam, NL"
TXN_FRAUD_268_0,USER_030,459.7246603460035,2025-12-27 13:30:00,Hertz,Healthcare,"Amsterdam, NL"
TXN_FRAUD_268_1,USER_030,325.40394561919345,2025-12-27 13:35:00,Hertz,Healthcare,"Amsterdam, NL"
TXN_FRAUD_268_2,USER_030,113.16071206138875,2025-12-27 13:40:00,Hertz,Healthcare,"Amsterdam, NL"
TXN_000385,USER_049,15.05,2025-12-27 14:20:00,Hertz,Food,"Berlin, DE"
TXN_000459,USER_029,27.14,2025-12-28 07:12:00,Target,Fuel,"Marseille, FR"
TXN_000266,USER_014,10.12,2025-12-28 18:14:00,Airbnb,Travel,"Marseille, FR"
TXN_000323,USER_016,40.38,2025-12-29 04:53:00,Google Play,Entertainment,"Paris, FR"
TXN_000294,USER_033,231.26,2025-12-29 07:17:00,Whole Foods,Fuel,"Paris, FR"
TXN_000397,USER_005,439.79,2025-12-29 10:20:00,Airbnb,Fuel,"London, UK"
TXN_000335,USER_002,4.67,2025-12-29 15:43:00,Hotels.com,Shopping,"Madrid, ES"
TXN_000188,USER_010,42.29,2025-12-29 16:00:00,CVS,Fuel,"Marseille, FR"
TXN_000051,USER_001,171.78,2025-12-29 16:04:00,Airbnb,Utilities,"Madrid, ES"
TXN_000024,USER_005,95.4,2025-12-29 18:12:00,CVS,Subscription,"Brussels, BE"
TXN_000391,USER_006,82.07,2025-12-30 13:20:00,Airbnb,Entertainment,"New York, US"
TXN_000431,USER_003,19.21,2025-12-30 15:38:00,Hotels.com,Transport,"London, UK"
TXN_000252,USER_030,22.57,2025-12-31 06:14:00,BestBuy,Travel,"Madrid, ES"
TXN_000395,USER_049,106.29,2025-12-31 16:11:00,Walmart,Healthcare,"Paris, FR"
TXN_000050,USER_014,132.93,2025-12-31 17:45:00,Walmart,Transport,"Madrid, ES"
TXN_000155,USER_005,3.4,2025-12-31 18:19:00,Target,Other,"Paris, FR"
TXN_000090,USER_043,91.55,2025-12-31 22:08:00,Steam,Utilities,"Brussels, BE"
TXN_000368,USER_027,8.77,2026-01-01 03:40:00,Whole Foods,Food,"Marseille, FR"
TXN_000313,USER_003,63.57,2026-01-01 06:11:00,Uber,Subscription,"Amsterdam, NL"
TXN_000077,USER_012,72.16,2026-01-01 10:49:00,McDonalds,Travel,"Madrid, ES"
TXN_000231,USER_040,38.01,2026-01-01 11:05:00,Walmart,Travel,"New York, US"
TXN_000499,USER_036,81.77,2026-01-01 13:48:00,Amazon,Fuel,"London, UK"
TXN_000488,USER_021,47.78,2026-01-01 13:50:00,Whole Foods,Entertainment,"Marseille, FR"
TXN_000176,USER_023,15.87,2026-01-01 19:09:00,Apple Store,Food,"Marseille, FR"
TXN_000177,USER_022,328.58,2026-01-01 19:32:00,Hotels.com,Utilities,"Madrid, ES"
TXN_000329,USER_016,202.7,2026-01-02 07:28:00,CVS,Subscription,"Lyon, FR"
TXN_000110,USER_005,17.89,2026-01-02 12:14:00,Apple Store,Fuel,"Rome, IT"
TXN_000474,USER_045,102.04,2026-01-02 13:14:00,Starbucks,Utilities,"Madrid, ES"
TXN_000322,USER_002,37.14,2026-01-02 13:51:00,Steam,Fuel,"Berlin, DE"
TXN_000121,USER_049,2280.5015162813283,2026-01-02 15:04:00,Target,Subscription,"Paris, FR"
TXN_000453,USER_033,4.4,2026-01-02 16:17:00,Whole Foods,Shopping,"Brussels, BE"
TXN_000477,USER_027,63.57,2026-01-02 17:23:00,Delta Airlines,Transport,"Madrid, ES"
TXN_000242,USER_009,49.25,2026-01-02 19:21:00,BestBuy,Food,"Rome, IT"
TXN_000349,USER_039,119.72,2026-01-03 02:58:00,Airbnb,Travel,"Rome, IT"
TXN_000261,USER_015,17.17,2026-01-03 06:42:00,Hertz,Other,"Lagos, NG"
TXN_000456,USER_003,12.61,2026-01-03 07:10:00,Target,Fuel,"Paris, FR"
TXN_000250,USER_039,59.45,2026-01-04 07:54:00,BestBuy,Fuel,"New York, US"
TXN_000344,USER_024,8.43,2026-01-04 13:44:00,Steam,Subscription,"Madrid, ES"
TXN_FRAUD_307_0,USER_049,106.26323807677385,2026-01-05 00:27:00,Delta Airlines,Healthcare,"Brussels, BE"
TXN_000104,USER_049,106.98,2026-01-05 00:27:00,Delta Airlines,Healthcare,"Brussels, BE"
TXN_FRAUD_307_1,USER_049,182.86324616383345,2026-01-05 00:32:00,Delta Airlines,Healthcare,"Brussels, BE"
TXN_FRAUD_307_2,USER_049,157.67662451343077,2026-01-05 00:37:00,Delta Airlines,Healthcare,"Brussels, BE"
TXN_000197,USER_007,152.23,2026-01-05 02:54:00,Delta Airlines,Subscription,"Paris, FR"
TXN_000094,USER_030,10.53,2026-01-05 07:16:00,Shell Gas,Fuel,"Rome, IT"
TXN_000353,USER_044,152.04,2026-01-05 07:50:00,Starbucks,Food,"New York, US"
TXN_000270,USER_039,11.18,2026-01-05 09:14:00,Netflix,Entertainment,"Brussels, BE"
TXN_000071,USER_048,178.8,2026-01-05 09:23:00,PayPal,Fuel,"Paris, FR"
TXN_000422,USER_023,22.16,2026-01-05 11:29:00,Netflix,Subscription,"New York, US"
TXN_000298,USER_046,22.92,2026-01-05 13:16:00,Delta Airlines,Fuel,"Amsterdam, NL"
TXN_000232,USER_029,213.05,2026-01-05 17:03:00,Google Play,Food,"Berlin, DE"
TXN_000217,USER_020,47.21,2026-01-05 19:50:00,Whole Foods,Travel,"Marseille, FR"
TXN_000314,USER_019,114.65,2026-01-06 11:02:00,Hertz,Entertainment,"London, UK"
TXN_000292,USER_030,17.48,2026-01-06 13:50:00,Walmart,Travel,"London, UK"
TXN_000251,USER_028,389.99,2026-01-06 18:44:00,Uber,Healthcare,"Berlin, DE"
TXN_000497,USER_033,88.35,2026-01-06 22:11:00,Walmart,Other,"Amsterdam, NL"
TXN_000146,USER_045,313.06,2026-01-07 05:05:00,Spotify,Utilities,"New York, US"
TXN_000278,USER_002,221.06,2026-01-07 05:46:00,Target,Travel,"Amsterdam, NL"
TXN_000445,USER_010,93.81,2026-01-07 08:35:00,CVS,Travel,"Madrid, ES"
TXN_000340,USER_005,790.2,2026-01-07 12:50:00,Spotify,Entertainment,"Paris, FR"
TXN_000009,USER_003,19.81,2026-01-07 13:22:00,BestBuy,Healthcare,"Lyon, FR"
TXN_000120,USER_014,33.41,2026-01-07 14:08:00,Apple Store,Healthcare,"London, UK"
TXN_000137,USER_016,13.12,2026-01-08 00:24:00,CVS,Healthcare,"Berlin, DE"
TXN_000462,USER_020,14.93,2026-01-08 06:31:00,Hertz,Healthcare,"Brussels, BE"
TXN_000366,USER_024,39.89,2026-01-08 06:39:00,Hertz,Transport,"Amsterdam, NL"
TXN_000047,USER_018,25.67,2026-01-08 07:03:00,Target,Subscription,"Brussels, BE"
TXN_FRAUD_330_0,USER_018,121.47857277895744,2026-01-08 07:03:00,Target,Subscription,"Brussels, BE"
TXN_FRAUD_330_1,USER_018,274.83530113739965,2026-01-08 07:08:00,Target,Subscription,"Brussels, BE"
TXN_FRAUD_330_2,USER_018,435.46986304526996,2026-01-08 07:13:00,Target,Subscription,"Brussels, BE"
TXN_000221,USER_008,29.07,2026-01-08 08:52:00,Starbucks,Entertainment,"Madrid, ES"
TXN_000044,USER_027,115.7,2026-01-08 11:43:00,Walmart,Food,"Paris, FR"
TXN_000383,USER_031,3502.3785549131753,2026-01-08 15:01:00,Apple Store,Other,"Marseille, FR"
TXN_000386,USER_016,10.75,2026-01-08 17:55:00,Netflix,Subscription,"New York, US"
TXN_000042,USER_037,30.78,2026-01-09 05:03:00,Hotels.com,Healthcare,"New York, US"
TXN_000195,USER_048,23.04,2026-01-09 05:33:00,Steam,Healthcare,"Marseille, FR"
TXN_000487,USER_007,44.17,2026-01-09 07:36:00,Apple Store,Entertainment,"Berlin, DE"
TXN_000457,USER_005,3.25,2026-01-09 07:50:00,Spotify,Healthcare,"Marseille, FR"
TXN_000428,USER_042,25.24,2026-01-09 12:18:00,Shell Gas,Utilities,"Berlin, DE"
TXN_000079,USER_003,69.73,2026-01-09 15:02:00,Shell Gas,Subscription,"Berlin, DE"
TXN_000342,USER_035,67.24,2026-01-09 18:04:00,Walmart,Entertainment,"Lagos, NG"
TXN_000417,USER_040,68.65,2026-01-10 01:00:00,Uber,Utilities,"Brussels, BE"
TXN_000187,USER_027,19.69,2026-01-10 04:18:00,Uber,Subscription,"Brussels, BE"
TXN_000419,USER_021,4.36,2026-01-10 11:10:00,Hertz,Utilities,"London, UK"
TXN_000415,USER_043,37.13,2026-01-10 14:21:00,Steam,Travel,"Marseille, FR"
TXN_000135,USER_050,19.43,2026-01-10 16:17:00,PayPal,Other,"London, UK"
TXN_000183,USER_045,22.85,2026-01-11 09:55:00,Amazon,Other,"New York, US"
TXN_000041,USER_043,20.52,2026-01-11 11:01:00,Hertz,Transport,"Amsterdam, NL"
TXN_000492,USER_049,208.1,2026-01-11 16:34:00,Hotels.com,Subscription,"Marseille, FR"
TXN_000033,USER_047,5.42,2026-01-11 17:40:00,Target,Fuel,"Marseille, FR"
TXN_000191,USER_043,14.92,2026-01-11 20:43:00,Starbucks,Subscription,"Brussels, BE"
TXN_000019,USER_042,2897.8306687425875,2026-01-12 01:13:00,Airbnb,Transport,"London, UK"
TXN_000365,USER_016,28.85,2026-01-12 05:49:00,Google Play,Fuel,"Amsterdam, NL"
TXN_000138,USER_002,243.12,2026-01-12 06:42:00,Apple Store,Transport,"Rome, IT"
TXN_000390,USER_030,12.43,2026-01-12 09:44:00,Spotify,Subscription,"Paris, FR"
TXN_000170,USER_035,19.54,2026-01-12 16:16:00,Target,Other,"Paris, FR"
TXN_000330,USER_008,53.65,2026-01-12 17:26:00,Hertz,Shopping,"Brussels, BE"
TXN_000434,USER_009,38.89,2026-01-13 01:17:00,Netflix,Entertainment,"Lyon, FR"
TXN_000296,USER_031,9.95,2026-01-13 09:57:00,Walmart,Subscription,"Lyon, FR"
TXN_000413,USER_027,65.94,2026-01-13 15:37:00,CVS,Subscription,"Paris, FR"
TXN_000085,USER_039,5.88,2026-01-14 03:55:00,Steam,Other,"New York, US"
TXN_000405,USER_033,231.51,2026-01-14 05:22:00,Hotels.com,Other,"London, UK"
TXN_000082,USER_042,64.54,2026-01-14 14:13:00,Hertz,Travel,"Paris, FR"
TXN_000364,USER_024,39.61,2026-01-14 16:02:00,BestBuy,Entertainment,"Marseille, FR"
TXN_000452,USER_006,48.26,2026-01-14 20:16:00,Walmart,Subscription,"Marseille, FR"
TXN_000134,USER_012,56.29,2026-01-15 08:29:00,Netflix,Other,"Brussels, BE"
TXN_000402,USER_031,64.21,2026-01-15 12:17:00,Starbucks,Other,"Brussels, BE"
TXN_000319,USER_007,4.97,2026-01-15 16:42:00,BestBuy,Utilities,"Lyon, FR"
TXN_000065,USER_042,58.75,2026-01-16 02:48:00,Hertz,Utilities,"Lyon, FR"
TXN_000272,USER_032,15.1,2026-01-16 08:30:00,Spotify,Shopping,"New York, US"
TXN_000149,USER_049,210.96,2026-01-16 09:26:00,Spotify,Food,"New York, US"
TXN_000205,USER_016,19.72,2026-01-16 14:14:00,Whole Foods,Transport,"Marseille, FR"
TXN_000334,USER_005,106.51,2026-01-16 14:22:00,Delta Airlines,Fuel,"Brussels, BE"
TXN_000030,USER_050,96.09,2026-01-16 15:46:00,Amazon,Other,"Berlin, DE"
TXN_000055,USER_033,1.37,2026-01-16 15:58:00,Walmart,Fuel,"Lyon, FR"
TXN_000448,USER_029,35.04,2026-01-16 16:33:00,Google Play,Food,"Amsterdam, NL"
TXN_000131,USER_023,582.22,2026-01-17 03:15:00,Google Play,Food,"Brussels, BE"
TXN_000475,USER_012,3961.207158677459,2026-01-17 04:18:00,Uber,Entertainment,"London, UK"
TXN_000416,USER_030,41.05,2026-01-17 07:09:00,Hertz,Travel,"London, UK"
TXN_000151,USER_046,35.52,2026-01-17 08:56:00,Netflix,Shopping,"Paris, FR"
TXN_000450,USER_037,14.58,2026-01-17 08:57:00,McDonalds,Travel,"Brussels, BE"
TXN_000276,USER_025,32.98,2026-01-17 12:33:00,Uber,Fuel,"Brussels, BE"
TXN_000423,USER_013,5.11,2026-01-17 15:05:00,Hertz,Utilities,"Marseille, FR"
TXN_000046,USER_013,5.51,2026-01-17 16:16:00,Starbucks,Healthcare,"Marseille, FR"
TXN_000200,USER_044,12.03,2026-01-17 17:12:00,Apple Store,Subscription,"Brussels, BE"
TXN_000209,USER_044,27.41,2026-01-18 06:58:00,Target,Subscription,"Berlin, DE"
TXN_000122,USER_048,40.91,2026-01-18 07:51:00,Google Play,Entertainment,"Lyon, FR"
TXN_000494,USER_012,12.18,2026-01-18 15:29:00,Walmart,Fuel,"Paris, FR"
TXN_000114,USER_048,35.22,2026-01-18 15:39:00,CVS,Entertainment,"Rome, IT"
TXN_000180,USER_043,7.88,2026-01-18 16:17:00,PayPal,Shopping,"Lagos, NG"
TXN_000310,USER_050,220.56,2026-01-18 17:41:00,Delta Airlines,Shopping,"Berlin, DE"
TXN_000219,USER_009,46.1,2026-01-18 19:44:00,Google Play,Fuel,"Brussels, BE"
TXN_000025,USER_017,9.87,2026-01-19 04:43:00,Amazon,Food,"Brussels, BE"
TXN_000237,USER_049,4.15,2026-01-19 05:01:00,Whole Foods,Entertainment,"New York, US"
TXN_000178,USER_049,118.9,2026-01-19 09:50:00,Airbnb,Food,"Berlin, DE"
TXN_000446,USER_045,46.51,2026-01-19 13:46:00,Hotels.com,Fuel,"New York, US"
TXN_000162,USER_012,21.62,2026-01-19 14:52:00,McDonalds,Shopping,"Madrid, ES"
TXN_000256,USER_038,26.32,2026-01-20 09:23:00,Apple Store,Food,"Madrid, ES"
TXN_000396,USER_037,31.91,2026-01-20 16:00:00,Google Play,Fuel,"London, UK"
TXN_000260,USER_023,15.73,2026-01-20 16:11:00,BestBuy,Utilities,"Amsterdam, NL"
TXN_000052,USER_045,40.88,2026-01-20 18:30:00,Hotels.com,Transport,"New York, US"
TXN_000057,USER_008,57.03,2026-01-21 05:03:00,Whole Foods,Other,"Paris, FR"
TXN_000168,USER_048,7.65,2026-01-21 16:46:00,Spotify,Subscription,"Lyon, FR"
TXN_000288,USER_049,75.31,2026-01-21 20:36:00,Whole Foods,Subscription,"Amsterdam, NL"
TXN_000441,USER_038,9.48,2026-01-22 03:48:00,Netflix,Travel,"New York, US"
TXN_000279,USER_028,176.78,2026-01-22 07:13:00,PayPal,Utilities,"Lyon, FR"
TXN_000411,USER_003,5.32,2026-01-22 07:32:00,BestBuy,Entertainment,"Paris, FR"
TXN_000128,USER_020,22.16,2026-01-22 11:31:00,Steam,Healthcare,"New York, US"
TXN_000153,USER_001,25.97,2026-01-22 14:06:00,Hotels.com,Subscription,"Rome, IT"
TXN_000212,USER_025,51.16,2026-01-22 16:10:00,Whole Foods,Utilities,"London, UK"
TXN_000295,USER_029,16.82,2026-01-22 16:29:00,Shell Gas,Travel,"Amsterdam, NL"
TXN_000420,USER_008,108.26,2026-01-22 16:31:00,Hertz,Healthcare,"Madrid, ES"
TXN_000469,USER_047,21.16,2026-01-22 17:08:00,Whole Foods,Other,"Berlin, DE"
TXN_000303,USER_006,16.08,2026-01-23 03:30:00,Starbucks,Travel,"London, UK"
TXN_000073,USER_024,18.32,2026-01-23 04:23:00,Starbucks,Healthcare,"Marseille, FR"
TXN_000021,USER_048,928.88,2026-01-23 08:15:00,Whole Foods,Healthcare,"Berlin, DE"
TXN_000207,USER_032,28.99,2026-01-23 12:57:00,Uber,Subscription,"London, UK"
TXN_000175,USER_012,23.92,2026-01-23 18:15:00,Hotels.com,Food,"Rome, IT"
TXN_000282,USER_028,38.58,2026-01-24 07:13:00,Delta Airlines,Food,"Madrid, ES"
TXN_000038,USER_002,30.24,2026-01-24 15:23:00,Uber,Other,"New York, US"
TXN_000481,USER_013,12.07,2026-01-24 15:34:00,Hertz,Entertainment,"Rome, IT"
TXN_000129,USER_005,64.04,2026-01-24 16:32:00,Uber,Food,"London, UK"
TXN_000130,USER_044,7.21,2026-01-25 04:39:00,BestBuy,Other,"Paris, FR"
TXN_000273,USER_026,43.03,2026-01-25 04:51:00,Amazon,Entertainment,"London, UK"
TXN_000249,USER_025,8.83,2026-01-25 05:21:00,Spotify,Subscription,"Brussels, BE"
TXN_000084,USER_007,697.15,2026-01-25 07:15:00,Google Play,Travel,"Madrid, ES"
TXN_000355,USER_003,8.58,2026-01-26 06:57:00,Airbnb,Travel,"Berlin, DE"
TXN_000035,USER_034,136.41,2026-01-26 08:15:00,Shell Gas,Fuel,"New York, US"
TXN_000004,USER_033,111.34,2026-01-26 14:49:00,Hertz,Entertainment,"Brussels, BE"
TXN_000404,USER_026,62.32,2026-01-26 23:35:00,Spotify,Other,"Berlin, DE"
TXN_000332,USER_001,19.42,2026-01-27 06:10:00,Uber,Other,"Madrid, ES"
TXN_000326,USER_029,147.94,2026-01-27 11:48:00,Target,Shopping,"London, UK"
TXN_000444,USER_024,3.27,2026-01-27 16:02:00,Uber,Transport,"Rome, IT"
TXN_000424,USER_007,20.48,2026-01-27 16:35:00,Whole Foods,Entertainment,"New York, US"
TXN_000437,USER_012,128.37,2026-01-27 19:42:00,Steam,Healthcare,"Brussels, BE"
TXN_000076,USER_027,94.47,2026-01-27 23:35:00,Starbucks,Entertainment,"Marseille, FR"
TXN_000124,USER_002,11.86,2026-01-28 00:57:00,Uber,Transport,"Rome, IT"
TXN_000311,USER_050,16.23,2026-01-28 04:56:00,CVS,Healthcare,"Marseille, FR"
TXN_000248,USER_018,30.25,2026-01-28 05:28:00,Whole Foods,Fuel,"Berlin, DE"
TXN_000201,USER_003,36.0,2026-01-28 06:52:00,Uber,Utilities,"New York, US"
TXN_000160,USER_037,42.48,2026-01-28 07:51:00,CVS,Food,"New York, US"
TXN_000410,USER_041,42.03,2026-01-28 13:37:00,Steam,Transport,"New York, US"
TXN_000377,USER_043,29.75,2026-01-28 15:34:00,CVS,Travel,"Amsterdam, NL"
TXN_000117,USER_009,47.72,2026-01-28 16:22:00,Amazon,Healthcare,"Amsterdam, NL"
TXN_000225,USER_002,22.75,2026-01-28 17:44:00,Hertz,Travel,"Amsterdam, NL"
TXN_000099,USER_027,95.05,2026-01-29 07:24:00,Shell Gas,Healthcare,"Rome, IT"
TXN_000235,USER_042,197.72,2026-01-30 05:26:00,Amazon,Shopping,"Berlin, DE"
TXN_000289,USER_042,52.89,2026-01-30 05:27:00,Apple Store,Travel,"Marseille, FR"
TXN_000284,USER_033,15.62,2026-01-30 05:55:00,Delta Airlines,Fuel,"New York, US"
TXN_000068,USER_044,32.82,2026-01-30 07:42:00,Netflix,Fuel,"Rome, IT"
TXN_000013,USER_030,38.35,2026-01-30 13:41:00,Google Play,Transport,"Berlin, DE"
TXN_000096,USER_043,151.72,2026-01-30 17:27:00,Apple Store,Food,"New York, US"
TXN_000224,USER_025,48.18,2026-01-30 19:11:00,BestBuy,Entertainment,"Rome, IT"
TXN_000226,USER_015,4.86,2026-01-31 04:52:00,Airbnb,Utilities,"Madrid, ES"
TXN_000245,USER_030,32.87,2026-01-31 09:49:00,Walmart,Subscription,"Madrid, ES"
TXN_000354,USER_050,12.4,2026-01-31 10:11:00,Google Play,Healthcare,"Amsterdam, NL"
TXN_000262,USER_044,7.59,2026-01-31 11:23:00,Amazon,Other,"London, UK"
TXN_000233,USER_035,113.51,2026-01-31 12:10:00,Walmart,Healthcare,"London, UK"
TXN_000369,USER_021,175.26,2026-01-31 15:52:00,Airbnb,Subscription,"Brussels, BE"
TXN_000429,USER_019,88.24,2026-01-31 16:51:00,Target,Other,"New York, US"
TXN_000293,USER_005,384.52,2026-01-31 18:43:00,Target,Other,"Amsterdam, NL"
TXN_000287,USER_049,1.64,2026-02-01 03:52:00,McDonalds,Subscription,"Rome, IT"
TXN_000123,USER_050,40.37,2026-02-01 08:50:00,Amazon,Entertainment,"New York, US"
TXN_000408,USER_017,87.17,2026-02-01 09:38:00,Whole Foods,Other,"New York, US"
TXN_000393,USER_039,4.04,2026-02-01 12:31:00,Hotels.com,Utilities,"Brussels, BE"
TXN_000034,USER_009,123.91,2026-02-02 03:18:00,Hertz,Transport,"London, UK"
TXN_000302,USER_017,20.31,2026-02-02 05:46:00,CVS,Transport,"Berlin, DE"
TXN_000213,USER_002,80.67,2026-02-02 15:13:00,Netflix,Shopping,"Amsterdam, NL"
TXN_000144,USER_020,7.13,2026-02-02 16:25:00,Google Play,Subscription,"Brussels, BE"
TXN_000118,USER_037,45.09,2026-02-02 17:49:00,Target,Healthcare,"Marseille, FR"
TXN_000498,USER_031,5.54,2026-02-02 20:19:00,Amazon,Shopping,"Lagos, NG"
TXN_000088,USER_005,142.66,2026-02-03 04:46:00,Apple Store,Other,"Berlin, DE"
TXN_000495,USER_005,54.7,2026-02-03 05:51:00,Amazon,Healthcare,"Marseille, FR"
TXN_000253,USER_021,12.45,2026-02-03 06:04:00,Google Play,Transport,"Rome, IT"
TXN_000103,USER_030,10.43,2026-02-03 06:21:00,Hertz,Other,"Berlin, DE"
TXN_000333,USER_012,105.28,2026-02-03 07:30:00,Target,Fuel,"Berlin, DE"
TXN_000351,USER_005,92.08,2026-02-03 08:28:00,Steam,Travel,"Brussels, BE"
TXN_000116,USER_022,173.89,2026-02-03 08:31:00,Steam,Transport,"Rome, IT"
TXN_000306,USER_009,614.38,2026-02-03 09:32:00,Delta Airlines,Food,"Madrid, ES"
TXN_000257,USER_023,29.3,2026-02-03 11:36:00,PayPal,Shopping,"London, UK"
TXN_FRAUD_480_0,USER_023,326.342651180414,2026-02-03 11:36:00,PayPal,Shopping,"London, UK"
TXN_FRAUD_480_1,USER_023,443.18412534546775,2026-02-03 11:41:00,PayPal,Shopping,"London, UK"
TXN_FRAUD_480_2,USER_023,138.14473418829203,2026-02-03 11:46:00,PayPal,Shopping,"London, UK"
TXN_000442,USER_004,153.47,2026-02-03 14:55:00,Airbnb,Utilities,"Marseille, FR"
TXN_000425,USER_004,8.98,2026-02-03 16:45:00,Delta Airlines,Entertainment,"New York, US"
TXN_000480,USER_025,2214.0076501978365,2026-02-04 02:26:00,CVS,Shopping,"Moscow, RU"
TXN_000173,USER_049,24.85,2026-02-04 08:40:00,Netflix,Other,"Paris, FR"
TXN_000454,USER_030,4.01,2026-02-04 15:39:00,Spotify,Shopping,"Madrid, ES"
TXN_000172,USER_015,101.2,2026-02-04 17:41:00,Whole Foods,Other,"Paris, FR"
TXN_000352,USER_048,2.04,2026-02-04 17:58:00,Amazon,Transport,"Amsterdam, NL"
TXN_000443,USER_026,54.33,2026-02-05 03:20:00,Spotify,Food,"London, UK"
TXN_000398,USER_040,74.2,2026-02-05 07:27:00,BestBuy,Transport,"Lyon, FR"
TXN_000246,USER_028,53.72,2026-02-05 07:54:00,Hotels.com,Subscription,"Lyon, FR"
TXN_000339,USER_050,41.13,2026-02-05 10:17:00,Hotels.com,Transport,"Marseille, FR"
TXN_000087,USER_035,69.49,2026-02-05 15:34:00,Shell Gas,Travel,"Madrid, ES"
TXN_000203,USER_011,58.46,2026-02-06 04:07:00,Amazon,Shopping,"Berlin, DE"
TXN_000382,USER_005,25.15,2026-02-06 06:51:00,McDonalds,Subscription,"Madrid, ES"
TXN_000169,USER_030,213.46,2026-02-06 08:07:00,Steam,Utilities,"Brussels, BE"
TXN_000163,USER_029,51.13,2026-02-06 14:26:00,Hotels.com,Utilities,"Paris, FR"
TXN_000304,USER_042,82.46,2026-02-07 15:30:00,Steam,Transport,"Amsterdam, NL"
TXN_000140,USER_039,4.78,2026-02-07 15:44:00,Netflix,Fuel,"Paris, FR"
TXN_000011,USER_013,15.56,2026-02-08 09:52:00,Walmart,Entertainment,"London, UK"
